<?xml version="1.0" encoding="UTF-8"?>
<con:soapui-project id="517f708a-d647-4fc6-873d-dbbfb8b01df6" activeEnvironment="Default" name="End-pointsTest" resourceRoot="${projectDir}" soapui-version="5.4.0" abortOnError="false" runType="SEQUENTIAL" xmlns:con="http://eviware.com/soapui/config"><con:settings/><con:interface xsi:type="con:RestService" id="728320c7-fa1a-45ad-9616-3e147052236f" wadlVersion="http://wadl.dev.java.net/2009/02" name="http://web04.consulmedia.it" type="rest" xmlns:xsi="http://www.w3.org/2001/XMLSchema-instance"><con:settings/><con:definitionCache type="TEXT" rootPart=""/><con:endpoints><con:endpoint>http://web04.consulmedia.it</con:endpoint></con:endpoints><con:resource name="getQuotationByID" path="/nsgsis-be/quotations/{id}" id="99355444-cc54-4a43-b6b2-43d922b733c5"><con:settings/><con:parameters><con:parameter><con:name>coursename</con:name><con:style>QUERY</con:style></con:parameter><con:parameter><con:name>id</con:name><con:value/><con:style>TEMPLATE</con:style><con:default/></con:parameter></con:parameters><con:method name="getQuotationByID" id="5228dcb1-eb55-451d-98dc-dc162eb0777e" method="GET"><con:settings/><con:parameters/><con:representation type="RESPONSE"><con:mediaType xsi:nil="true"/><con:status>0</con:status><con:params/><con:element>data</con:element></con:representation><con:representation type="RESPONSE"><con:mediaType>application/json;charset=UTF-8</con:mediaType><con:status>200</con:status><con:params/><con:element xmlns:ns="http://web04.consulmedia.it/nsgsis-be/quotations/98790">ns:Response</con:element></con:representation><con:representation type="REQUEST"><con:mediaType>application/json</con:mediaType><con:params/></con:representation><con:representation type="FAULT"><con:mediaType>application/json;charset=UTF-8</con:mediaType><con:status>401</con:status><con:params/><con:element xmlns:save="http://web04.consulmedia.it/nsgsis-be/quotations/save">save:Fault</con:element></con:representation><con:representation type="RESPONSE"><con:mediaType>text/html</con:mediaType><con:status>200</con:status><con:params/><con:element>html</con:element></con:representation><con:representation type="FAULT"><con:mediaType>text/html; charset=iso-8859-1</con:mediaType><con:status>404</con:status><con:params/><con:element>html</con:element></con:representation><con:representation type="FAULT"><con:mediaType xsi:nil="true"/><con:status>404</con:status><con:params/><con:element>data</con:element></con:representation><con:representation type="FAULT"><con:mediaType xsi:nil="true"/><con:status>404</con:status><con:params/><con:element>data</con:element></con:representation><con:request name="getQuotationByID" id="a3c57190-3c73-4a27-b28a-322abbdae64b" mediaType="application/json" postQueryString="false"><con:settings><con:setting id="com.eviware.soapui.impl.wsdl.WsdlRequest@request-headers">&lt;entry key="Authorization" value="Basic dXNlcjpwYXNzd29yZA==" xmlns="http://eviware.com/soapui/config"/></con:setting></con:settings><con:endpoint>http://web04.consulmedia.it</con:endpoint><con:request/><con:originalUri>http://web04.consulmedia.it/nsgsis-be/quotations/98790</con:originalUri><con:credentials><con:authType>No Authorization</con:authType></con:credentials><con:jmsConfig JMSDeliveryMode="PERSISTENT"/><con:jmsPropertyConfig/><con:parameters><entry key="id" value="98790" xmlns="http://eviware.com/soapui/config"/></con:parameters><con:parameterOrder><con:entry>id</con:entry></con:parameterOrder></con:request></con:method></con:resource><con:resource name="saveQuotation" path="/nsgsis/quotations/save" id="09f954eb-42a7-4e46-a359-ae23ee5067c7"><con:settings/><con:parameters/><con:method name="Method 1" id="52c780ed-440d-4420-9064-01cfb8799d42" method="POST"><con:settings/><con:parameters/><con:representation type="RESPONSE"><con:mediaType>application/json;charset=UTF-8</con:mediaType><con:status>200</con:status><con:params/><con:element xmlns:save="http://web04.consulmedia.it/nsgsis-be/quotations/save">save:Response</con:element></con:representation><con:representation type="REQUEST"><con:mediaType>application/json</con:mediaType><con:params/></con:representation><con:representation type="RESPONSE"><con:mediaType xsi:nil="true"/><con:status>0</con:status><con:params/><con:element>data</con:element></con:representation><con:representation type="FAULT"><con:mediaType>application/json;charset=UTF-8</con:mediaType><con:status>500 400</con:status><con:params/><con:element xmlns:save="http://web04.consulmedia.it/nsgsis-be/quotations/save">save:Fault</con:element></con:representation><con:request name="Request 1" id="6c2f6cef-cd57-4be6-be9a-b53cc3d1c6be" mediaType="application/json" postQueryString="false"><con:settings><con:setting id="com.eviware.soapui.impl.wsdl.WsdlRequest@request-headers">&lt;entry key="Authorization" value="Basic dXNlcjpwYXNzd29yZA==" xmlns="http://eviware.com/soapui/config"/></con:setting></con:settings><con:endpoint>http://localhost:8080</con:endpoint><con:request>{"clientId":271,
"clientContactId":1235,
"dataId":null,
"courseDetailsId":78,
"courseQuotedList":[
	{"id":null,
	"noOfTrainee":20,
	"pricePerTrainee":null,
	"costCentreId":3,
	"couresDetailsId":78,
	"fromDate":null,
	"toDate":null}
],
"username":"user"
}</con:request><con:originalUri>http://web04.consulmedia.it/nsgsis-be/quotations/save</con:originalUri><con:credentials><con:authType>No Authorization</con:authType></con:credentials><con:jmsConfig JMSDeliveryMode="PERSISTENT"/><con:jmsPropertyConfig/><con:parameters/></con:request></con:method></con:resource><con:resource name="getQuotations" path="/nsgsis/quotations" id="908959d8-bf5a-41d4-89f5-cba6101211d7"><con:settings/><con:parameters><con:parameter><con:name>status</con:name><con:value/><con:style>QUERY</con:style><con:default/><con:description xsi:nil="true"/></con:parameter><con:parameter><con:name>substatus</con:name><con:value/><con:style>QUERY</con:style><con:default/><con:description xsi:nil="true"/></con:parameter><con:parameter><con:name>user</con:name><con:value/><con:style>QUERY</con:style><con:default/><con:description xsi:nil="true"/></con:parameter></con:parameters><con:method name="Method 1" id="8f3aa895-a868-4be7-9832-d3e3a8307c7a" method="GET"><con:settings/><con:parameters/><con:representation type="RESPONSE"><con:mediaType>application/json;charset=UTF-8</con:mediaType><con:status>200</con:status><con:params/><con:element>Response</con:element></con:representation><con:representation type="FAULT"><con:mediaType>text/html;charset=utf-8</con:mediaType><con:status>404</con:status><con:params/><con:element>html</con:element></con:representation><con:representation type="FAULT"><con:mediaType xsi:nil="true"/><con:status>404</con:status><con:params/><con:element>data</con:element></con:representation><con:representation type="FAULT"><con:mediaType>application/json;charset=UTF-8</con:mediaType><con:status>400</con:status><con:params/><con:element xmlns:quot="http://web04.consulmedia.it/nsgsis-be/quotations">quot:Fault</con:element></con:representation><con:request name="Request 1" id="1ee10b77-89b6-4be4-a89e-ddcb15afc1d8" mediaType="application/json"><con:settings><con:setting id="com.eviware.soapui.impl.wsdl.WsdlRequest@request-headers">&lt;entry key="Authorization" value="Basic dXNlcjpwYXNzd29yZA==" xmlns="http://eviware.com/soapui/config"/></con:setting></con:settings><con:endpoint>http://localhost:8080</con:endpoint><con:request/><con:originalUri>http://web04.consulmedia.it/nsgsis-be/quotations</con:originalUri><con:credentials><con:authType>No Authorization</con:authType></con:credentials><con:jmsConfig JMSDeliveryMode="PERSISTENT"/><con:jmsPropertyConfig/><con:parameters>
  <con:entry key="substatus" value="0"/>
  <con:entry key="user" value="user"/>
  <con:entry key="status" value="3"/>
</con:parameters><con:parameterOrder><con:entry>status</con:entry><con:entry>substatus</con:entry><con:entry>user</con:entry></con:parameterOrder></con:request></con:method></con:resource><con:resource name="costcentre" path="/nsgsis/costcentre" id="33fb3265-50c9-41ff-adfd-1d88898e31cb"><con:settings/><con:parameters/><con:method name="Method 1" id="a06718c5-42a7-4bf4-ba40-2856fc1d580f" method="GET"><con:settings/><con:parameters/><con:representation type="FAULT"><con:mediaType>application/json;charset=UTF-8</con:mediaType><con:status>401 404</con:status><con:params/><con:element xmlns:cos="http://web04.consulmedia.it/nsgsis-be/costcentre">cos:Fault</con:element></con:representation><con:representation type="RESPONSE"><con:mediaType>application/json;charset=UTF-8</con:mediaType><con:status>200</con:status><con:params/><con:element>Response</con:element></con:representation><con:request name="Request 1" id="caa5ec38-4372-47fb-8f60-5831da5aab94" mediaType="application/json"><con:settings><con:setting id="com.eviware.soapui.impl.wsdl.WsdlRequest@request-headers">&lt;entry key="Authorization" value="Basic dXNlcjpwYXNzd29yZA==" xmlns="http://eviware.com/soapui/config"/></con:setting></con:settings><con:endpoint>http://localhost:8080/</con:endpoint><con:request/><con:originalUri>http://web04.consulmedia.it/nsgsis-be/costcentre</con:originalUri><con:credentials><con:authType>No Authorization</con:authType></con:credentials><con:jmsConfig JMSDeliveryMode="PERSISTENT"/><con:jmsPropertyConfig/><con:parameters/><con:parameterOrder/></con:request></con:method></con:resource><con:resource name="courses" path="/nsgsis/courses/{id}" id="56219d50-b685-4d15-89f9-26da7ab528ed"><con:settings/><con:parameters><con:parameter><con:name>id</con:name><con:style>TEMPLATE</con:style></con:parameter><con:parameter><con:name>tariffid</con:name><con:value/><con:style>QUERY</con:style><con:default/><con:description xsi:nil="true"/></con:parameter></con:parameters><con:method name="Method 1" id="a056bd4e-39c2-4598-9ff7-c8c4fe975ab0" method="GET"><con:settings/><con:parameters/><con:representation type="RESPONSE"><con:mediaType>application/json;charset=UTF-8</con:mediaType><con:status>200</con:status><con:params/><con:element xmlns:cour="http://web04.consulmedia.it/nsgsis-be/courses">cour:Response</con:element></con:representation><con:representation type="FAULT"><con:mediaType>application/json;charset=UTF-8</con:mediaType><con:status>500</con:status><con:params/><con:element xmlns:cour="http://web04.consulmedia.it/nsgsis-be/courses">cour:Fault</con:element></con:representation><con:request name="Request 1" id="4fac6eff-8542-462f-933e-13358e0cddfb" mediaType="application/json"><con:settings><con:setting id="com.eviware.soapui.impl.wsdl.WsdlRequest@request-headers">&lt;entry key="Authorization" value="Basic dXNlcjpwYXNzd29yZA==" xmlns="http://eviware.com/soapui/config"/></con:setting></con:settings><con:endpoint>http://localhost:8080/</con:endpoint><con:request/><con:originalUri>http://web04.consulmedia.it/nsgsis-be/courses</con:originalUri><con:credentials><con:authType>No Authorization</con:authType></con:credentials><con:jmsConfig JMSDeliveryMode="PERSISTENT"/><con:jmsPropertyConfig/><con:parameters>
  <con:entry key="id" value="751"/>
  <con:entry key="tariffid" value="1"/>
</con:parameters><con:parameterOrder><con:entry>id</con:entry><con:entry>tariffid</con:entry></con:parameterOrder></con:request></con:method></con:resource><con:resource name="calculateCourseQuoted" path="/nsgsis-be/coursequoted/calculate" id="8c5b67df-9c8e-44dd-bdfb-b33b4aa4f871"><con:settings/><con:parameters/><con:method name="Method 1" id="a7d3e40a-99b9-470f-bfb6-48fccb450b4e" method="POST"><con:settings/><con:parameters/><con:representation type="REQUEST"><con:mediaType>application/json</con:mediaType><con:params/></con:representation><con:representation type="FAULT"><con:mediaType>application/json;charset=UTF-8</con:mediaType><con:status>401 400</con:status><con:params/><con:element xmlns:cal="http://web04.consulmedia.it/nsgsis-be/coursequoted/calculate">cal:Fault</con:element></con:representation><con:representation type="RESPONSE"><con:mediaType>application/json;charset=UTF-8</con:mediaType><con:status>200</con:status><con:params/><con:element xmlns:cal="http://web04.consulmedia.it/nsgsis-be/coursequoted/calculate">cal:Response</con:element></con:representation><con:request name="Request 1" id="85048499-9abc-4d68-b333-230ff55886e6" mediaType="application/json" postQueryString="false"><con:settings><con:setting id="com.eviware.soapui.impl.wsdl.WsdlRequest@request-headers">&lt;entry key="Authorization" value="Basic dXNlcjpwYXNzd29yZA==" xmlns="http://eviware.com/soapui/config"/></con:setting></con:settings><con:endpoint>http://web04.consulmedia.it</con:endpoint><con:request>{
	"id":null,
	"noOfTrainee":20,
	"pricePerTrainee":null,
	"costCentreId":3,
	"couresDetailsId":78,
	"fromDate":null,
	"toDate":null
}</con:request><con:originalUri>http://web04.consulmedia.it/nsgsis-be/coursequoted/calculate</con:originalUri><con:credentials><con:authType>No Authorization</con:authType></con:credentials><con:jmsConfig JMSDeliveryMode="PERSISTENT"/><con:jmsPropertyConfig/><con:parameters/></con:request></con:method></con:resource><con:resource name="deleteCourseQuoted" path="/nsgsis-be/coursequoted/delete" id="6dd7bd68-8c64-4460-9101-18efab8fefba"><con:settings/><con:parameters><con:parameter><con:name>id</con:name><con:value/><con:style>QUERY</con:style><con:default/><con:description xsi:nil="true"/></con:parameter></con:parameters><con:method name="Method 1" id="719570f1-23dc-4611-9ce8-5e16a7fc5d50" method="GET"><con:settings/><con:parameters/><con:representation type="FAULT"><con:mediaType>text/html; charset=iso-8859-1</con:mediaType><con:status>404</con:status><con:params/><con:element>html</con:element></con:representation><con:representation type="RESPONSE"><con:mediaType xsi:nil="true"/><con:status>200</con:status><con:params/><con:element>data</con:element></con:representation><con:request name="Request 1" id="be7f1f76-b861-4033-b532-788fc23632c9" mediaType="application/json"><con:settings><con:setting id="com.eviware.soapui.impl.wsdl.WsdlRequest@request-headers">&lt;entry key="Authorization" value="Basic dXNlcjpwYXNzd29yZA==" xmlns="http://eviware.com/soapui/config"/></con:setting></con:settings><con:endpoint>http://web04.consulmedia.it</con:endpoint><con:request/><con:originalUri>http://web04.consulmedia.it/coursequoted/delete</con:originalUri><con:credentials><con:authType>No Authorization</con:authType></con:credentials><con:jmsConfig JMSDeliveryMode="PERSISTENT"/><con:jmsPropertyConfig/><con:parameters><entry key="id" value="134907" xmlns="http://eviware.com/soapui/config"/></con:parameters><con:parameterOrder><con:entry>id</con:entry></con:parameterOrder></con:request></con:method></con:resource><con:resource name="getClientsByInitials" path="/nsgsis/clients" id="a09d6d74-879d-4320-8720-1af02d51d757"><con:settings/><con:parameters><con:parameter><con:name>clientname</con:name><con:value/><con:style>QUERY</con:style><con:default/><con:description xsi:nil="true"/></con:parameter></con:parameters><con:method name="Method 1" id="c72bc5bc-92f7-4f2c-bd2c-b71fdce7a170" method="GET"><con:settings/><con:parameters/><con:representation type="FAULT"><con:mediaType>text/html; charset=iso-8859-1</con:mediaType><con:status>404</con:status><con:params/><con:element>html</con:element></con:representation><con:representation type="RESPONSE"><con:mediaType>application/json;charset=UTF-8</con:mediaType><con:status>200</con:status><con:params/><con:element xmlns:cli="http://web04.consulmedia.it/clients">cli:Response</con:element></con:representation><con:representation type="FAULT"><con:mediaType>text/html;charset=utf-8</con:mediaType><con:status>404</con:status><con:params/><con:element>html</con:element></con:representation><con:representation type="FAULT"><con:mediaType xsi:nil="true"/><con:status>404</con:status><con:params/><con:element>data</con:element></con:representation><con:request name="Request 1" id="6dc51d2f-d61a-456a-8d9d-6de556d591dd" mediaType="application/json"><con:settings><con:setting id="com.eviware.soapui.impl.wsdl.WsdlRequest@request-headers">&lt;entry key="Authorization" value="Basic dXNlcjpwYXNzd29yZA==" xmlns="http://eviware.com/soapui/config"/></con:setting></con:settings><con:endpoint>http://LOCALHOST:8080</con:endpoint><con:request/><con:originalUri>http://web04.consulmedia.it/clients</con:originalUri><con:credentials><con:authType>No Authorization</con:authType></con:credentials><con:jmsConfig JMSDeliveryMode="PERSISTENT"/><con:jmsPropertyConfig/><con:parameters/><con:parameterOrder><con:entry>clientname</con:entry></con:parameterOrder></con:request></con:method></con:resource><con:resource name="getClientContacts" path="/nsgsis/clients/{id}/contacts" id="bcc8c8f2-f2f1-41c1-91a9-72d8b579c12d"><con:settings/><con:parameters><con:parameter><con:name>id</con:name><con:value>242</con:value><con:style>TEMPLATE</con:style><con:default>242</con:default></con:parameter></con:parameters><con:method name="Method 1" id="e64e2fa7-21ec-46e9-9c5c-5855db742750" method="GET"><con:settings/><con:parameters/><con:representation type="RESPONSE"><con:mediaType>text/html</con:mediaType><con:status>200</con:status><con:params/><con:element>html</con:element></con:representation><con:representation type="RESPONSE"><con:mediaType>application/json;charset=UTF-8</con:mediaType><con:status>200</con:status><con:params/><con:element>Response</con:element></con:representation><con:representation type="FAULT"><con:mediaType>application/json;charset=UTF-8</con:mediaType><con:status>500</con:status><con:params/><con:element xmlns:web="http://web04.consulmedia.it/">web:Fault</con:element></con:representation><con:request name="Request 1" id="9f1f5bab-478f-4609-b86e-68a74b41fc1f" mediaType="application/json"><con:settings><con:setting id="com.eviware.soapui.impl.wsdl.WsdlRequest@request-headers">&lt;entry key="Authorization" value="Basic dXNlcjpwYXNzd29yZA==" xmlns="http://eviware.com/soapui/config"/></con:setting></con:settings><con:endpoint>http://localhost:8080/</con:endpoint><con:request/><con:originalUri>http://web04.consulmedia.it/</con:originalUri><con:credentials><con:authType>No Authorization</con:authType></con:credentials><con:jmsConfig JMSDeliveryMode="PERSISTENT"/><con:jmsPropertyConfig/><con:parameters><entry key="id" value="292" xmlns="http://eviware.com/soapui/config"/></con:parameters><con:parameterOrder><con:entry>id</con:entry></con:parameterOrder></con:request></con:method></con:resource><con:resource name="getClientTypes" path="/nsgsis/clients/types" id="07e124c9-43ad-4577-a21c-fae273b16c53"><con:settings/><con:parameters/><con:method name="Method 1" id="aef3711e-c29a-4ed9-89b8-e1e4b26232f5" method="GET"><con:settings/><con:parameters/><con:representation type="FAULT"><con:mediaType>application/json;charset=UTF-8</con:mediaType><con:status>401</con:status><con:params/><con:element xmlns:typ="http://web04.consulmedia.it/nsgsis-be/clients/types">typ:Fault</con:element></con:representation><con:representation type="RESPONSE"><con:mediaType>application/json;charset=UTF-8</con:mediaType><con:status>200</con:status><con:params/><con:element>Response</con:element></con:representation><con:representation type="FAULT"><con:mediaType>text/html;charset=utf-8</con:mediaType><con:status>404</con:status><con:params/><con:element>html</con:element></con:representation><con:representation type="RESPONSE"><con:mediaType xsi:nil="true"/><con:status>0</con:status><con:params/><con:element>data</con:element></con:representation><con:representation type="RESPONSE"><con:mediaType xsi:nil="true"/><con:status>0</con:status><con:params/><con:element>data</con:element></con:representation><con:representation type="RESPONSE"><con:mediaType xsi:nil="true"/><con:status>0</con:status><con:params/><con:element>data</con:element></con:representation><con:representation type="RESPONSE"><con:mediaType xsi:nil="true"/><con:status>0</con:status><con:params/><con:element>data</con:element></con:representation><con:representation type="RESPONSE"><con:mediaType xsi:nil="true"/><con:status>0</con:status><con:params/><con:element>data</con:element></con:representation><con:request name="Request 1" id="203c7ef1-7529-48fb-b782-27aa221c7d76" mediaType="application/json"><con:settings><con:setting id="com.eviware.soapui.impl.wsdl.WsdlRequest@request-headers">&lt;entry key="Authorization" value="Basic dXNlcjpwYXNzd29yZA==" xmlns="http://eviware.com/soapui/config"/></con:setting></con:settings><con:endpoint>http://localhost:8080</con:endpoint><con:request/><con:originalUri>http://web04.consulmedia.it/nsgsis-be/clients/types</con:originalUri><con:credentials><con:authType>No Authorization</con:authType></con:credentials><con:jmsConfig JMSDeliveryMode="PERSISTENT"/><con:jmsPropertyConfig/><con:parameters/><con:parameterOrder/></con:request></con:method></con:resource><con:resource name="saveClient" path="/nsgsis-be/clients/save" id="96fa9f7e-4026-4abd-990e-4a00a89bd874"><con:settings/><con:parameters/><con:method name="Method 1" id="9ca1dff2-b889-419c-9a05-343caff8a373" method="POST"><con:settings/><con:parameters/><con:representation type="FAULT"><con:mediaType>application/json;charset=UTF-8</con:mediaType><con:status>401</con:status><con:params/><con:element xmlns:save="http://web04.consulmedia.it/nsgsis-be/clients/save">save:Fault</con:element></con:representation><con:representation type="REQUEST"><con:mediaType>application/json</con:mediaType><con:params/></con:representation><con:representation type="RESPONSE"><con:mediaType>application/json;charset=UTF-8</con:mediaType><con:status>200</con:status><con:params/><con:element xmlns:save="http://web04.consulmedia.it/nsgsis-be/clients/save">save:Response</con:element></con:representation><con:request name="Request 1" id="8a2a985f-4203-47ca-a556-9191c5ea05f2" mediaType="application/json" postQueryString="false"><con:settings><con:setting id="com.eviware.soapui.impl.wsdl.WsdlRequest@request-headers">&lt;entry key="Authorization" value="Basic dXNlcjpwYXNzd29yZA==" xmlns="http://eviware.com/soapui/config"/></con:setting></con:settings><con:endpoint>http://web04.consulmedia.it</con:endpoint><con:request>{
	"id":null,
	"clientCode":"NTC",
	"subCode":null,
	"clientName":"NewTestClient",
	"province":"National",
	"type":2,
	"addresses":{
		"postalAddress1":"PostalAddress1",
		"postalAddress2":"Test2Postal",
		"postalAddress3":null,
		"postalAddress4":null,
		"postalAddress5":null,
		"streetAddress1":null,
		"streetAddress2":null,
		"streetAddress3":null,
		"streetAddress4":null,
		"streetAddress5":null
	},
	"contacts":{
		"telephone":"9876543210",
		"fax":"9876543210",
		"emailAddress":"test@domain.com"
	},
	"website":"www.example.com"
}</con:request><con:originalUri>http://web04.consulmedia.it/nsgsis-be/clients/save</con:originalUri><con:credentials><con:authType>No Authorization</con:authType></con:credentials><con:jmsConfig JMSDeliveryMode="PERSISTENT"/><con:jmsPropertyConfig/><con:parameters/></con:request></con:method></con:resource><con:resource name="sendQuotation" path="/nsgsis/quotations/from3-0to4-0" id="bfc2e59f-d72b-4dee-899f-525912429a15"><con:settings/><con:parameters/><con:method name="Method 1" id="ace863d4-a169-42b7-88e7-e83b95386174" method="POST"><con:settings/><con:parameters/><con:representation type="FAULT"><con:mediaType>application/json;charset=UTF-8</con:mediaType><con:status>401 500 404</con:status><con:params/><con:element xmlns:send="http://web04.consulmedia.it/nsgsis-be/quotations/send">send:Fault</con:element></con:representation><con:representation type="REQUEST"><con:mediaType>application/json</con:mediaType><con:params/></con:representation><con:representation type="RESPONSE"><con:mediaType>application/json;charset=UTF-8</con:mediaType><con:status>200</con:status><con:params/><con:element xmlns:send="http://web04.consulmedia.it/nsgsis-be/quotations/send">send:Response</con:element></con:representation><con:request name="Request 1" id="9af603da-3985-4f45-99a2-b40aac2b244c" mediaType="application/json" postQueryString="false"><con:settings><con:setting id="com.eviware.soapui.impl.wsdl.WsdlRequest@request-headers">&lt;entry key="Authorization" value="Basic dXNlcjpwYXNzd29yZA==" xmlns="http://eviware.com/soapui/config"/></con:setting></con:settings><con:endpoint>http://localhost:8080/</con:endpoint><con:request>{"clientId":271,
"clientContactId":1235,
"dataId":null,
"courseDetailsId":78,
"courseQuotedList":[
	{"id":null,
	"noOfTrainee":20,
	"pricePerTrainee":null,
	"costCentreId":3,
	"couresDetailsId":78,
	"fromDate":null,
	"toDate":null}
],
"username":"user"
}</con:request><con:originalUri>http://web04.consulmedia.it/nsgsis-be/quotations/send</con:originalUri><con:credentials><con:authType>No Authorization</con:authType></con:credentials><con:jmsConfig JMSDeliveryMode="PERSISTENT"/><con:jmsPropertyConfig/><con:parameters/></con:request></con:method></con:resource><con:resource name="getQuotationLists" path="/quotations" id="9f194f6c-98d7-4fa7-a865-68aa0ab8c934"><con:settings/><con:parameters><con:parameter><con:name>substatus</con:name><con:value/><con:style>QUERY</con:style><con:default/><con:description xsi:nil="true"/></con:parameter><con:parameter><con:name>user</con:name><con:value/><con:style>QUERY</con:style><con:default/><con:description xsi:nil="true"/></con:parameter><con:parameter><con:name>size</con:name><con:value/><con:style>QUERY</con:style><con:default/><con:description xsi:nil="true"/></con:parameter><con:parameter><con:name>status</con:name><con:value/><con:style>QUERY</con:style><con:default/><con:description xsi:nil="true"/></con:parameter><con:parameter><con:name>fromDate</con:name><con:value/><con:style>QUERY</con:style><con:default/><con:description xsi:nil="true"/></con:parameter></con:parameters><con:method name="Method 1" id="31056c31-6f76-4749-9489-74b4f6c05b62" method="GET"><con:settings/><con:parameters/><con:representation type="FAULT"><con:mediaType xsi:nil="true"/><con:status>404</con:status><con:params/><con:element>data</con:element></con:representation><con:representation type="FAULT"><con:mediaType xsi:nil="true"/><con:status>404</con:status><con:params/><con:element>data</con:element></con:representation><con:representation type="FAULT"><con:mediaType>application/json;charset=UTF-8</con:mediaType><con:status>400 404</con:status><con:params/><con:element xmlns:quot="http://localhost/nsgsis-be/quotations">quot:Fault</con:element></con:representation><con:representation type="RESPONSE"><con:mediaType>application/json;charset=UTF-8</con:mediaType><con:status>200</con:status><con:params/><con:element xmlns:quot="http://localhost/nsgsis-be/quotations">quot:Response</con:element></con:representation><con:representation type="FAULT"><con:mediaType>text/html;charset=utf-8</con:mediaType><con:status>404</con:status><con:params/><con:element>html</con:element></con:representation><con:representation type="RESPONSE"><con:mediaType xsi:nil="true"/><con:status>0</con:status><con:params/><con:element>data</con:element></con:representation><con:request name="Request 1" id="6e895eff-f17b-4897-b3ee-68adc0cdbde7" mediaType="application/json"><con:settings><con:setting id="com.eviware.soapui.impl.wsdl.WsdlRequest@request-headers">&lt;entry key="Authorization" value="Basic dXNlcjpwYXNzd29yZA==" xmlns="http://eviware.com/soapui/config"/></con:setting></con:settings><con:endpoint>http://localhost:8080/nsgsis</con:endpoint><con:request/><con:originalUri>http://localhost/nsgsis-be/quotations</con:originalUri><con:credentials><con:authType>No Authorization</con:authType></con:credentials><con:jmsConfig JMSDeliveryMode="PERSISTENT"/><con:jmsPropertyConfig/><con:parameters>
  <con:entry key="fromDate" value="1181220871000"/>
  <con:entry key="size" value="100000"/>
  <con:entry key="user" value="Mamphoke Phahlane"/>
</con:parameters><con:parameterOrder><con:entry>substatus</con:entry><con:entry>user</con:entry><con:entry>status</con:entry><con:entry>size</con:entry><con:entry>fromDate</con:entry></con:parameterOrder></con:request></con:method></con:resource><con:resource name="getClientTypes" path="/clients/types" id="9584a092-a791-409e-99ae-ec3d848acf99"><con:settings/><con:parameters/><con:method name="Method 1" id="99850cb2-a231-4679-b69a-24b2efc7f2be" method="GET"><con:settings/><con:parameters/><con:representation type="RESPONSE"><con:mediaType xsi:nil="true"/><con:status>0</con:status><con:params/><con:element>data</con:element></con:representation><con:representation type="FAULT"><con:mediaType xsi:nil="true"/><con:status>404</con:status><con:params/><con:element>data</con:element></con:representation><con:representation type="FAULT"><con:mediaType xsi:nil="true"/><con:status>404</con:status><con:params/><con:element>data</con:element></con:representation><con:representation type="FAULT"><con:mediaType xsi:nil="true"/><con:status>404</con:status><con:params/><con:element>data</con:element></con:representation><con:representation type="RESPONSE"><con:mediaType>application/json;charset=UTF-8</con:mediaType><con:status>200</con:status><con:params/><con:element>Response</con:element></con:representation><con:request name="Request 1" id="fbda0113-11b8-41ac-92b9-c1a3f6e801b1" mediaType="application/json"><con:settings><con:setting id="com.eviware.soapui.impl.wsdl.WsdlRequest@request-headers">&lt;entry key="Authorization" value="Basic dXNlcjpwYXNzd29yZA==" xmlns="http://eviware.com/soapui/config"/></con:setting></con:settings><con:endpoint>http://localhost:8080/nsgsis</con:endpoint><con:request/><con:originalUri>http://localhost/nsgsis-be/clients/types</con:originalUri><con:credentials><con:authType>No Authorization</con:authType></con:credentials><con:jmsConfig JMSDeliveryMode="PERSISTENT"/><con:jmsPropertyConfig/><con:parameters/></con:request></con:method></con:resource><con:resource name="deleteQuotation" path="/nsgsis/quotations/{id}" id="79a69868-cafc-44fa-9dbe-f02b21e5ee42"><con:settings/><con:parameters><con:parameter><con:name>id</con:name><con:value/><con:style>TEMPLATE</con:style><con:default/><con:description xsi:nil="true"/></con:parameter></con:parameters><con:method name="Method 1" id="f67fb316-d19b-466e-bee0-ca093de0744a" method="GET"><con:settings/><con:parameters/><con:representation type="FAULT"><con:mediaType>application/json;charset=UTF-8</con:mediaType><con:status>401 400 500</con:status><con:params/><con:element xmlns:ns="http://localhost/nsgsis/quotations/99139">ns:Fault</con:element></con:representation><con:representation type="RESPONSE"><con:mediaType>application/json;charset=UTF-8</con:mediaType><con:status>200</con:status><con:params/><con:element xmlns:ns="http://localhost/nsgsis/quotations/99139">ns:Response</con:element></con:representation><con:representation type="FAULT"><con:mediaType xsi:nil="true"/><con:status>400</con:status><con:params/><con:element>data</con:element></con:representation><con:representation type="RESPONSE"><con:mediaType xsi:nil="true"/><con:status>200</con:status><con:params/><con:element>data</con:element></con:representation><con:representation type="RESPONSE"><con:mediaType xsi:nil="true"/><con:status>200</con:status><con:params/><con:element>data</con:element></con:representation><con:representation type="REQUEST"><con:mediaType>application/json</con:mediaType><con:params/></con:representation><con:request name="Request 1" id="7d119d1f-b778-435c-8db8-d07a5f16b065" mediaType="application/json" postQueryString="false"><con:settings><con:setting id="com.eviware.soapui.impl.wsdl.WsdlRequest@request-headers">&lt;entry key="Authorization" value="Basic dXNlcjpwYXNzd29yZA==" xmlns="http://eviware.com/soapui/config"/></con:setting></con:settings><con:endpoint>http://localhost:8080</con:endpoint><con:request/><con:originalUri>http://localhost/nsgsis/quotations/99139</con:originalUri><con:credentials><con:authType>No Authorization</con:authType></con:credentials><con:jmsConfig JMSDeliveryMode="PERSISTENT"/><con:jmsPropertyConfig/><con:parameters><entry key="id" value="100419" xmlns="http://eviware.com/soapui/config"/></con:parameters><con:parameterOrder><con:entry>id</con:entry></con:parameterOrder></con:request></con:method></con:resource></con:interface><con:properties/><con:wssContainer/><con:oAuth2ProfileContainer/><con:oAuth1ProfileContainer/><con:sensitiveInformation/></con:soapui-project>